sourceArchive,scope,rule,protocolId,observed,pending,matched,settled,uniqueMatches,wins,losses,hit,hitRatePct,wilsonLowerPct,coveragePct,eligibleCoveragePct,qualified,deliveryPct,modelId,threshold,cohortStatus,cohortLocked,cutoffDecisionAt,cutoffMatchUrl,targetAccepted,minimumReviewAcceptedSettled,seenEligible,sent,shadowOnly,targetCohortSize,observedTaggedRows,roiStatus,gateId,telegramEnabled
bsportsfan-telegram-prediction-rules-20-1785096901271.csv,forward_production_core_margin,qualityAbs >= 0.16,start-quality-production-core-margin-v2-2026-07-25,196,7,114,107,114,77,30,77/107,72,62.8,58.2,58.2,,,,,,,,,,,,,,,,,,
bsportsfan-telegram-prediction-rules-20-1785096901271.csv,forward_rejected_core_margin,qualityAbs < 0.16,start-quality-production-core-margin-v2-2026-07-25,196,8,82,74,82,53,21,53/74,71.6,60.5,41.8,41.8,,,,,,,,,,,,,,,,,,
bsportsfan-telegram-prediction-rules-20-1785096901271.csv,forward_shadow_no_conflict,negativeWeight <= 1e-12,start-quality-production-core-margin-v2-2026-07-25,196,6,92,86,92,60,26,60/86,69.8,59.4,46.9,46.9,,,,,,,,,,,,,,,,,,
bsportsfan-telegram-prediction-rules-20-1785096901271.csv,forward_shadow_three_of_four,supportVotes >= 3,start-quality-production-core-margin-v2-2026-07-25,196,10,139,129,139,93,36,93/129,72.1,63.8,70.9,70.9,,,,,,,,,,,,,,,,,,
bsportsfan-telegram-prediction-rules-20-1785096901271.csv,forward_shadow_balanced_020,conflictRatio <= 0.20,start-quality-production-core-margin-v2-2026-07-25,196,10,144,134,144,94,40,94/134,70.1,61.9,73.5,73.5,,,,,,,,,,,,,,,,,,
bsportsfan-telegram-prediction-rules-20-1785096901271.csv,tt_cup_shadow_no_filter,no quality filter,tt-cup-shadow-core-margin-v2-2026-07-25,60,4,60,56,60,34,22,34/56,60.7,47.6,100,100,,,,,,,,,,,,,,,,,,
bsportsfan-telegram-prediction-rules-20-1785096901271.csv,tt_cup_shadow_core_margin,qualityAbs >= 0.16,tt-cup-shadow-core-margin-v2-2026-07-25,60,2,29,27,29,15,12,15/27,55.6,37.3,48.3,48.3,,,,,,,,,,,,,,,,,,
bsportsfan-telegram-prediction-rules-20-1785096901271.csv,tt_cup_shadow_rejected,qualityAbs < 0.16,tt-cup-shadow-core-margin-v2-2026-07-25,60,2,31,29,31,19,10,19/29,65.5,47.3,51.7,51.7,,,,,,,,,,,,,,,,,,
bsportsfan-telegram-prediction-rules-20-1785096901271.csv,tt_cup_shadow_three_of_four,supportVotes >= 3,tt-cup-shadow-core-margin-v2-2026-07-25,60,2,34,32,34,19,13,19/32,59.4,42.3,56.7,56.7,,,,,,,,,,,,,,,,,,
bsportsfan-telegram-prediction-rules-20-1785096901271.csv,forward_published_two_set_weighted,prematch-two-set-weighted-v20,,0,0,0,0,0,0,0,0/0,,,,,,,,,,,,,,,,,,,,,,
bsportsfan-telegram-prediction-rules-20-1785096901271.csv,forward_published_live_first_set_winner,live-first-set-winner-early-v1,,0,0,0,0,0,0,0,0/0,,,,,,,,,,,,,,,,,,,,,,
bsportsfan-telegram-prediction-rules-20-1785096901271.csv,forward_published_live_first_set_winner_drawdown,live-first-set-winner-drawdown-v2,,0,0,0,0,0,0,0,0/0,,,,,,,,,,,,,,,,,,,,,,
bsportsfan-telegram-prediction-rules-20-1785096901271.csv,forward_published_live_first_set_winner_zero_zero,live-first-set-winner-early-v1,,0,0,0,0,0,0,0,0/0,,,,,,,,,,,,,,,,,,,,,,
bsportsfan-telegram-prediction-rules-20-1785096901271.csv,forward_published_live_first_set_winner_early_points,live-first-set-winner-early-v1,,0,0,0,0,0,0,0,0/0,,,,,,,,,,,,,,,,,,,,,,
bsportsfan-telegram-prediction-rules-20-1785096901271.csv,forward_published_live_first_set_winner_margin_five,live-first-set-winner-early-v1,,0,0,0,0,0,0,0,0/0,,,,,,,,,,,,,,,,,,,,,,
bsportsfan-telegram-prediction-rules-20-1785096901271.csv,forward_published_live_general_one_one,live-two-factor-one-one-safety-v5,,0,0,0,0,0,0,0,0/0,,,,,,,,,,,,,,,,,,,,,,
bsportsfan-telegram-prediction-rules-20-1785096901271.csv,forward_published_production_v21,production-first-set-winner-live-v21,,0,0,0,0,0,0,0,0/0,,,,,,,,,,,,,,,,,,,,,,
bsportsfan-telegram-prediction-rules-20-1785096901271.csv,forward_published_production_v22,production-first-set-drawdown-live-v22,,0,0,0,0,0,0,0,0/0,,,,,,,,,,,,,,,,,,,,,,
bsportsfan-telegram-prediction-rules-20-1785096901271.csv,forward_published_production_v20,production-two-set-weighted-live-v5,,0,0,0,0,0,0,0,0/0,,,,,,,,,,,,,,,,,,,,,,
bsportsfan-telegram-prediction-rules-20-1785096901271.csv,forward_deployed_v20_cip_zero_zero,prematch-two-set-weighted-v20,,0,0,0,0,0,0,0,0/0,,,,,0,,,,,,,,,,,,,,,,,
bsportsfan-telegram-prediction-rules-32-1785154148829.csv,forward_event_risk_baseline,all valid Event Risk eligible decisions,start-event-risk-forward-v1-2026-07-27,37,6,37,31,37,20,11,20/31,64.5,46.9,100,100,,54.1,event-risk-elasticnet-v3-2026-07-26,0.717695858054727,collecting,0,,,200,150,37,20,,,,,,
bsportsfan-telegram-prediction-rules-32-1785154148829.csv,forward_production_event_risk,eventRiskScore >= 0.717695858054727,start-event-risk-forward-v1-2026-07-27,37,2,20,18,20,10,8,10/18,55.6,33.7,54.1,54.1,,100,event-risk-elasticnet-v3-2026-07-26,0.717695858054727,collecting,0,,,200,150,37,20,,,,,,
bsportsfan-telegram-prediction-rules-32-1785154148829.csv,forward_rejected_event_risk,eventRiskScore < 0.717695858054727,start-event-risk-forward-v1-2026-07-27,37,4,17,13,17,10,3,10/13,76.9,49.7,45.9,45.9,,0,event-risk-elasticnet-v3-2026-07-26,0.717695858054727,collecting,0,,,200,150,37,0,,,,,,
bsportsfan-telegram-prediction-rules-32-1785154148829.csv,forward_event_risk_core_margin_audit,audit-only qualityAbs >= 0.16,start-event-risk-forward-v1-2026-07-27,37,2,17,15,17,9,6,9/15,60,35.7,45.9,45.9,,52.9,event-risk-elasticnet-v3-2026-07-26,0.717695858054727,collecting,0,,,200,150,37,9,,,,,,
bsportsfan-telegram-prediction-rules-32-1785154148829.csv,forward_odds_shadow_baseline,all valid opening-odds decisions,start-odds-balanced-shadow-v2-2026-07-27,26,5,26,21,26,14,7,14/21,66.7,45.4,100,,,57.7,,,collecting,0,,,,,26,15,1,150,48,unavailable-no-executable-plus-1.5-odds,,
bsportsfan-telegram-prediction-rules-32-1785154148829.csv,forward_odds_shadow_accepted,(0.40 <= pSelected < 0.50) or pSelected >= 0.60,start-odds-balanced-shadow-v2-2026-07-27,26,2,12,10,12,7,3,7/10,70,39.7,46.2,,,58.3,,,collecting,0,,,,,26,7,1,150,48,unavailable-no-executable-plus-1.5-odds,,
bsportsfan-telegram-prediction-rules-32-1785154148829.csv,forward_odds_shadow_rejected,pSelected < 0.40 or 0.50 <= pSelected < 0.60,start-odds-balanced-shadow-v2-2026-07-27,26,3,14,11,14,7,4,7/11,63.6,35.4,53.8,,,57.1,,,collecting,0,,,,,26,8,1,150,48,unavailable-no-executable-plus-1.5-odds,,
bsportsfan-telegram-prediction-rules-32-1785154148829.csv,forward_odds_shadow_event_risk_audit,Event Risk accepted,start-odds-balanced-shadow-v2-2026-07-27,26,2,15,13,15,7,6,7/13,53.8,29.1,57.7,,,100,,,collecting,0,,,,,26,15,1,150,48,unavailable-no-executable-plus-1.5-odds,,
bsportsfan-telegram-prediction-rules-32-1785154148829.csv,forward_odds_shadow_event_plus_odds,Event Risk accepted and balanced odds accepted,start-odds-balanced-shadow-v2-2026-07-27,26,0,7,7,7,4,3,4/7,57.1,25,26.9,,,100,,,collecting,0,,,,,26,7,1,150,48,unavailable-no-executable-plus-1.5-odds,,
bsportsfan-telegram-prediction-rules-32-1785154148829.csv,forward_odds_shadow_without_3_2,balanced odds accepted; final score is not 3:2/2:3,start-odds-balanced-shadow-v2-2026-07-27,26,0,4,4,4,1,3,1/4,25,4.6,30.8,,,100,,,collecting,0,,,,,26,4,1,150,48,unavailable-no-executable-plus-1.5-odds,,
bsportsfan-telegram-prediction-rules-32-1785154148829.csv,forward_odds_shadow_setka,balanced odds accepted; Setka,start-odds-balanced-shadow-v2-2026-07-27,26,1,7,6,7,4,2,4/6,66.7,30,46.7,,,57.1,,,collecting,0,,,,,26,4,1,150,48,unavailable-no-executable-plus-1.5-odds,,
bsportsfan-telegram-prediction-rules-32-1785154148829.csv,forward_odds_shadow_czech,balanced odds accepted; Czech,start-odds-balanced-shadow-v2-2026-07-27,26,1,5,4,5,3,1,3/4,75,30.1,45.5,,,60,,,collecting,0,,,,,26,3,1,150,48,unavailable-no-executable-plus-1.5-odds,,
bsportsfan-telegram-prediction-rules-32-1785154148829.csv,forward_production_core_margin,qualityAbs >= 0.16,start-quality-production-core-margin-v2-2026-07-25,0,0,0,0,0,0,0,0/0,,,,,,,,,,,,,,,,,,,,,,
bsportsfan-telegram-prediction-rules-32-1785154148829.csv,forward_rejected_core_margin,qualityAbs < 0.16,start-quality-production-core-margin-v2-2026-07-25,0,0,0,0,0,0,0,0/0,,,,,,,,,,,,,,,,,,,,,,
bsportsfan-telegram-prediction-rules-32-1785154148829.csv,forward_shadow_no_conflict,negativeWeight <= 1e-12,start-quality-production-core-margin-v2-2026-07-25,0,0,0,0,0,0,0,0/0,,,,,,,,,,,,,,,,,,,,,,
bsportsfan-telegram-prediction-rules-32-1785154148829.csv,forward_shadow_three_of_four,supportVotes >= 3,start-quality-production-core-margin-v2-2026-07-25,0,0,0,0,0,0,0,0/0,,,,,,,,,,,,,,,,,,,,,,
bsportsfan-telegram-prediction-rules-32-1785154148829.csv,forward_shadow_balanced_020,conflictRatio <= 0.20,start-quality-production-core-margin-v2-2026-07-25,0,0,0,0,0,0,0,0/0,,,,,,,,,,,,,,,,,,,,,,
bsportsfan-telegram-prediction-rules-32-1785154148829.csv,tt_cup_shadow_no_filter,no quality filter,tt-cup-shadow-core-margin-v2-2026-07-25,11,2,11,9,11,6,3,6/9,66.7,35.4,100,100,,,,,,,,,,,,,,,,,,
bsportsfan-telegram-prediction-rules-32-1785154148829.csv,tt_cup_shadow_core_margin,qualityAbs >= 0.16,tt-cup-shadow-core-margin-v2-2026-07-25,11,2,8,6,8,4,2,4/6,66.7,30,72.7,72.7,,,,,,,,,,,,,,,,,,
bsportsfan-telegram-prediction-rules-32-1785154148829.csv,tt_cup_shadow_rejected,qualityAbs < 0.16,tt-cup-shadow-core-margin-v2-2026-07-25,11,0,3,3,3,2,1,2/3,66.7,20.8,27.3,27.3,,,,,,,,,,,,,,,,,,
bsportsfan-telegram-prediction-rules-32-1785154148829.csv,tt_cup_shadow_three_of_four,supportVotes >= 3,tt-cup-shadow-core-margin-v2-2026-07-25,11,2,10,8,10,5,3,5/8,62.5,30.6,90.9,90.9,,,,,,,,,,,,,,,,,,
bsportsfan-telegram-prediction-rules-32-1785154148829.csv,forward_published_two_set_weighted,prematch-two-set-weighted-v20,,0,0,0,0,0,0,0,0/0,,,,,,,,,,,,,,,,,,,,,,
bsportsfan-telegram-prediction-rules-32-1785154148829.csv,forward_published_live_first_set_winner,live-first-set-winner-early-v1,,0,0,0,0,0,0,0,0/0,,,,,,,,,,,,,,,,,,,,,,
bsportsfan-telegram-prediction-rules-32-1785154148829.csv,forward_published_live_first_set_winner_drawdown,live-first-set-winner-drawdown-v2,,0,0,0,0,0,0,0,0/0,,,,,,,,,,,,,,,,,,,,,,
bsportsfan-telegram-prediction-rules-32-1785154148829.csv,forward_published_live_first_set_winner_zero_zero,live-first-set-winner-early-v1,,0,0,0,0,0,0,0,0/0,,,,,,,,,,,,,,,,,,,,,,
bsportsfan-telegram-prediction-rules-32-1785154148829.csv,forward_published_live_first_set_winner_early_points,live-first-set-winner-early-v1,,0,0,0,0,0,0,0,0/0,,,,,,,,,,,,,,,,,,,,,,
bsportsfan-telegram-prediction-rules-32-1785154148829.csv,forward_published_live_first_set_winner_margin_five,live-first-set-winner-early-v1,,0,0,0,0,0,0,0,0/0,,,,,,,,,,,,,,,,,,,,,,
bsportsfan-telegram-prediction-rules-32-1785154148829.csv,forward_published_live_general_one_one,live-two-factor-one-one-safety-v5,,0,0,0,0,0,0,0,0/0,,,,,,,,,,,,,,,,,,,,,,
bsportsfan-telegram-prediction-rules-32-1785154148829.csv,forward_published_production_v21,production-first-set-winner-live-v21,,0,0,0,0,0,0,0,0/0,,,,,,,,,,,,,,,,,,,,,,
bsportsfan-telegram-prediction-rules-32-1785154148829.csv,forward_published_production_v22,production-first-set-drawdown-live-v22,,0,0,0,0,0,0,0,0/0,,,,,,,,,,,,,,,,,,,,,,
bsportsfan-telegram-prediction-rules-32-1785154148829.csv,forward_published_production_v20,production-two-set-weighted-live-v5,,0,0,0,0,0,0,0,0/0,,,,,,,,,,,,,,,,,,,,,,
bsportsfan-telegram-prediction-rules-32-1785154148829.csv,forward_deployed_v20_cip_zero_zero,prematch-two-set-weighted-v20,,0,0,0,0,0,0,0,0/0,,,,,0,,,,,,,,,,,,,,,,,
bsportsfan-telegram-prediction-rules-6-1785186937796.csv,forward_pair_regime_baseline,all technically eligible Setka/Czech pair decisions,start-verified-pair-regimes-v1-2026-07-27,32,11,32,21,32,16,5,16/21,76.2,54.9,100,100,,,,,collecting,0,,,,,32,18,0,300,32,,verified-pair-regimes-balanced-a-or-b,
bsportsfan-telegram-prediction-rules-6-1785186937796.csv,forward_production_pair_regime,branch A or branch B,start-verified-pair-regimes-v1-2026-07-27,32,5,18,13,18,9,4,9/13,69.2,42.4,56.3,56.3,,,,,collecting,0,,,,,32,18,0,300,32,,verified-pair-regimes-balanced-a-or-b,
bsportsfan-telegram-prediction-rules-6-1785186937796.csv,forward_rejected_pair_regime,neither branch A nor branch B,start-verified-pair-regimes-v1-2026-07-27,32,6,14,8,14,7,1,7/8,87.5,52.9,43.8,43.8,,,,,collecting,0,,,,,32,0,0,300,32,,verified-pair-regimes-balanced-a-or-b,
bsportsfan-telegram-prediction-rules-6-1785186937796.csv,forward_pair_regime_a,strengthSum <= 0 and formEdge >= 25,start-verified-pair-regimes-v1-2026-07-27,32,0,7,7,7,5,2,5/7,71.4,35.9,21.9,21.9,,,,,collecting,0,,,,,32,7,0,300,32,,verified-pair-regimes-balanced-a-or-b,
bsportsfan-telegram-prediction-rules-6-1785186937796.csv,forward_pair_regime_b,selectedLatePointRate <= 50 and strengthEdge <= 10,start-verified-pair-regimes-v1-2026-07-27,32,5,13,8,13,5,3,5/8,62.5,30.6,40.6,40.6,,,,,collecting,0,,,,,32,13,0,300,32,,verified-pair-regimes-balanced-a-or-b,
bsportsfan-telegram-prediction-rules-6-1785186937796.csv,forward_tt_cup_pair_regime_shadow,TT Cup branch A or B; Telegram OFF,start-verified-pair-regimes-v1-2026-07-27,11,0,7,7,7,4,3,4/7,57.1,25,63.6,63.6,,,,,collecting,0,,,,,11,0,1,300,11,,verified-pair-regimes-balanced-a-or-b,
bsportsfan-telegram-prediction-rules-9-1785446385942.csv,forward_pbp_filter_baseline,all technically eligible Setka/Czech matches,start-dual-signal-v5-2026-07-30,10,0,10,10,10,3,7,3/10,30,10.8,100,100,,,,,collecting,0,,,,,10,7,,300,10,,relative-accuracy-and-moderate-tiers-v1,1
bsportsfan-telegram-prediction-rules-9-1785446385942.csv,forward_production_pbp_filter,"use the relative side correction inside the base collapse branch; accept the collapse rule or recover by selected PBP strength edge >= 15, selected eight-match set share >= 61.5%, or relative form plus five-match set-share edge; Setka/Czech Telegram ON",start-dual-signal-v5-2026-07-30,10,0,7,7,7,2,5,2/7,28.6,8.2,70,70,,,,,collecting,0,,,,,10,7,,300,10,,relative-accuracy-and-moderate-tiers-v1,1
bsportsfan-telegram-prediction-rules-9-1785446385942.csv,forward_rejected_pbp_filter,reject only when the collapse rule and all three recovery branches fail,start-dual-signal-v5-2026-07-30,10,0,3,3,3,1,2,1/3,33.3,6.1,30,30,,,,,collecting,0,,,,,10,0,,300,10,,relative-accuracy-and-moderate-tiers-v1,1
bsportsfan-telegram-prediction-rules-9-1785446385942.csv,forward_collapse_sum_lte_4,collapse sum <= 4,start-dual-signal-v5-2026-07-30,10,0,7,7,7,3,4,3/7,42.9,15.8,70,70,,,,,collecting,0,,,,,10,6,,300,10,,relative-accuracy-and-moderate-tiers-v1,1
bsportsfan-telegram-prediction-rules-9-1785446385942.csv,forward_collapse_counts_unequal,collapse counts unequal,start-dual-signal-v5-2026-07-30,10,0,9,9,9,3,6,3/9,33.3,12.1,90,90,,,,,collecting,0,,,,,10,6,,300,10,,relative-accuracy-and-moderate-tiers-v1,1
bsportsfan-telegram-prediction-rules-9-1785446385942.csv,forward_strength_recovery,recovered outside the collapse gate by selected raw PBP strength edge >= 15,start-dual-signal-v5-2026-07-30,10,0,0,0,0,0,0,0/0,,,0,0,,,,,collecting,0,,,,,10,0,,300,10,,relative-accuracy-and-moderate-tiers-v1,1
bsportsfan-telegram-prediction-rules-9-1785446385942.csv,forward_history_share_recovery,recovered outside earlier branches by selected eight-match set share >= 61.5%,start-dual-signal-v5-2026-07-30,10,0,1,1,1,0,1,0/1,0,0,10,10,,,,,collecting,0,,,,,10,1,,300,10,,relative-accuracy-and-moderate-tiers-v1,1
bsportsfan-telegram-prediction-rules-9-1785446385942.csv,forward_relative_form_recovery,recovered outside earlier branches when both players are at or above their own eight-match performance and the selected player leads five-match set share by >= 10 points,start-dual-signal-v5-2026-07-30,10,0,0,0,0,0,0,0/0,,,0,0,,,,,collecting,0,,,,,10,0,,300,10,,relative-accuracy-and-moderate-tiers-v1,1
bsportsfan-telegram-prediction-rules-9-1785446385942.csv,forward_tt_cup_pbp_filter,"use the same relative side correction and collapse rule; TT Cup calculate/save/statistics ON, Telegram OFF",start-dual-signal-v5-2026-07-30,0,0,0,0,0,0,0,0/0,,,,,,,,,collecting,0,,,,,0,0,,300,0,,relative-accuracy-and-moderate-tiers-v1,0
